[
    [
        {
            "position": [
                -54.94215774536133,
                -195.09230041503906,
                1667.4287109375
            ],
            "orientation": [
                0.4603641629219055,
                -0.5164212584495544,
                0.6610486507415771,
                -0.2904973328113556
            ]
        },
        {
            "position": [
                -61.590576171875,
                -368.4607238769531,
                1613.690673828125
            ],
            "orientation": [
                0.44183430075645447,
                -0.5556891560554504,
                0.6283993721008301,
                -0.3179721534252167
            ]
        },
        {
            "position": [
                -60.423919677734375,
                -510.66900634765625,
                1584.3787841796875
            ],
            "orientation": [
                0.33312731981277466,
                -0.6160022616386414,
                0.659152626991272,
                -0.27401673793792725
            ]
        },
        {
            "position": [
                -64.05021667480469,
                -730.5962524414062,
                1562.667724609375
            ],
            "orientation": [
                0.35402876138687134,
                -0.5611586570739746,
                0.7064290046691895,
                -0.24641968309879303
            ]
        },
        {
            "position": [
                -36.13267517089844,
                -692.9647827148438,
                1545.506591796875
            ],
            "orientation": [
                0.7186726927757263,
                -0.536453902721405,
                0.22611182928085327,
                0.38026320934295654
            ]
        },
        {
            "position": [
                52.43157196044922,
                -648.7264404296875,
                1438.831787109375
            ],
            "orientation": [
                0.8143919706344604,
                -0.21376481652259827,
                -0.0022935508750379086,
                0.5395044088363647
            ]
        },
        {
            "position": [
                169.9891815185547,
                -401.23321533203125,
                1374.9921875
            ],
            "orientation": [
                0.7781754732131958,
                -0.21347300708293915,
                0.011398828588426113,
                0.5905439853668213
            ]
        },
        {
            "position": [
                241.359375,
                -185.36123657226562,
                1311.268798828125
            ],
            "orientation": [
                0.2609938979148865,
                0.8724618554115295,
                0.3867858946323395,
                0.14522092044353485
            ]
        },
        {
            "position": [
                312.4148864746094,
                -118.0678939819336,
                1317.0111083984375
            ],
            "orientation": [
                0.2873137891292572,
                0.7607045769691467,
                0.5762999057769775,
                0.08159485459327698
            ]
        },
        {
            "position": [
                347.88531494140625,
                -16.45834732055664,
                1294.23779296875
            ],
            "orientation": [
                0.2873137891292572,
                0.7607045769691467,
                0.5762999057769775,
                0.08159485459327698
            ]
        },
        {
            "position": [
                280.5853576660156,
                -52.53831481933594,
                1289.4593505859375
            ],
            "orientation": [
                -0.4076085090637207,
                0.6089158654212952,
                0.6265261769294739,
                -0.265596866607666
            ]
        },
        {
            "position": [
                -89.3365478515625,
                -695.7293701171875,
                1588.583251953125
            ],
            "orientation": [
                0.5992885828018188,
                0.6941473484039307,
                0.17986451089382172,
                -0.35589510202407837
            ]
        },
        {
            "position": [
                -180.64305114746094,
                -672.0499877929688,
                1683.5975341796875
            ],
            "orientation": [
                -0.3828636705875397,
                -0.6113402247428894,
                0.24624048173427582,
                0.6473361849784851
            ]
        },
        {
            "position": [
                -192.29359436035156,
                -443.6554870605469,
                1856.4312744140625
            ],
            "orientation": [
                0.7175012826919556,
                0.2900055944919586,
                -0.5918346047401428,
                -0.22543422877788544
            ]
        },
        {
            "position": [
                -239.59580993652344,
                -284.2215270996094,
                1684.62060546875
            ],
            "orientation": [
                0.5329793095588684,
                0.21640096604824066,
                -0.7602954506874084,
                -0.3017524778842926
            ]
        },
        {
            "position": [
                -198.87452697753906,
                -222.2131805419922,
                1609.5328369140625
            ],
            "orientation": [
                0.11924318224191666,
                0.717268168926239,
                -0.3322722911834717,
                -0.6007516980171204
            ]
        },
        {
            "position": [
                -205.07949829101562,
                -155.1814422607422,
                1694.1495361328125
            ],
            "orientation": [
                0.11924318224191666,
                0.717268168926239,
                -0.3322722911834717,
                -0.6007516980171204
            ]
        },
        {
            "position": [
                -226.37225341796875,
                -164.48104858398438,
                1731.8111572265625
            ],
            "orientation": [
                -0.4210069477558136,
                0.7178751230239868,
                -0.5373968482017517,
                0.13642968237400055
            ]
        },
        {
            "position": [
                29.40969467163086,
                -186.60610961914062,
                1629.6148681640625
            ],
            "orientation": [
                0.46557602286338806,
                -0.5466283559799194,
                0.6005985736846924,
                -0.35173532366752625
            ]
        },
        {
            "position": [
                16.723318099975586,
                214.4897918701172,
                1700.8211669921875
            ],
            "orientation": [
                0.5029939413070679,
                -0.47391223907470703,
                0.6594804525375366,
                -0.29578670859336853
            ]
        },
        {
            "position": [
                34.176544189453125,
                573.8598022460938,
                1850.0313720703125
            ],
            "orientation": [
                0.3645986020565033,
                -0.5249048471450806,
                0.7600526809692383,
                -0.11774014681577682
            ]
        },
        {
            "position": [
                -52.89274597167969,
                739.705810546875,
                1814.12744140625
            ],
            "orientation": [
                0.34676408767700195,
                0.16429570317268372,
                0.907200276851654,
                0.17247988283634186
            ]
        },
        {
            "position": [
                -131.00592041015625,
                -202.7446746826172,
                1701.5272216796875
            ],
            "orientation": [
                0.22836239635944366,
                0.7007063031196594,
                0.5482778549194336,
                0.39528802037239075
            ]
        },
        {
            "position": [
                -95.88011169433594,
                183.57803344726562,
                1825.1102294921875
            ],
            "orientation": [
                0.21381781995296478,
                0.7203396558761597,
                0.5222471356391907,
                0.4032997488975525
            ]
        },
        {
            "position": [
                -45.02082061767578,
                547.6047973632812,
                1965.8997802734375
            ],
            "orientation": [
                0.12244904786348343,
                0.7581121921539307,
                0.5508172512054443,
                0.3269135057926178
            ]
        },
        {
            "position": [
                -132.7769317626953,
                694.5967407226562,
                1927.383544921875
            ],
            "orientation": [
                -0.14416514337062836,
                0.9279860854148865,
                -0.141958087682724,
                0.31289973855018616
            ]
        },
        {
            "position": [
                -73.99052429199219,
                -811.0404052734375,
                1544.070068359375
            ],
            "orientation": [
                -0.17893366515636444,
                0.6850451827049255,
                -0.6767057180404663,
                0.20190398395061493
            ]
        },
        {
            "position": [
                -208.95339965820312,
                -866.4006958007812,
                1470.0277099609375
            ],
            "orientation": [
                -0.17893366515636444,
                0.6850451827049255,
                -0.6767057180404663,
                0.20190398395061493
            ]
        },
        {
            "position": [
                -163.06320190429688,
                -900.1666870117188,
                1469.0216064453125
            ],
            "orientation": [
                0.2692928612232208,
                -0.005896893795579672,
                0.9629033207893372,
                -0.016242465004324913
            ]
        },
        {
            "position": [
                -35.442054748535156,
                -881.5794067382812,
                1473.9383544921875
            ],
            "orientation": [
                0.20190398395061493,
                0.6767057180404663,
                0.6850451827049255,
                0.17893366515636444
            ]
        },
        {
            "position": [
                -193.3666229248047,
                -893.686767578125,
                1512.298828125
            ],
            "orientation": [
                0.2692928612232208,
                -0.005896893795579672,
                0.9629033207893372,
                -0.016242465004324913
            ]
        },
        {
            "position": [
                -118.63936614990234,
                -871.920166015625,
                1620.623291015625
            ],
            "orientation": [
                -0.17893366515636444,
                0.6850451827049255,
                -0.6767057180404663,
                0.20190398395061493
            ]
        }
    ],
    [
        {
            "position": [
                103.12054443359375,
                -200.50234985351562,
                1712.8314208984375
            ],
            "orientation": [
                0.5258243083953857,
                -0.4955252707004547,
                0.57220059633255,
                -0.38800761103630066
            ]
        },
        {
            "position": [
                111.75569915771484,
                -382.45330810546875,
                1675.081298828125
            ],
            "orientation": [
                0.5106065273284912,
                -0.517038106918335,
                0.5528385043144226,
                -0.4078260362148285
            ]
        },
        {
            "position": [
                120.09911346435547,
                -529.4115600585938,
                1653.8443603515625
            ],
            "orientation": [
                0.5055767893791199,
                -0.5124736428260803,
                0.5347431898117065,
                -0.4425070881843567
            ]
        },
        {
            "position": [
                128.4547882080078,
                -754.857177734375,
                1635.085693359375
            ],
            "orientation": [
                0.5394346117973328,
                -0.4679403603076935,
                0.57411789894104,
                -0.4005380868911743
            ]
        },
        {
            "position": [
                162.13539123535156,
                -716.4234008789062,
                1635.8299560546875
            ],
            "orientation": [
                0.7665117383003235,
                -0.6266363859176636,
                -0.02271915413439274,
                0.1388178914785385
            ]
        },
        {
            "position": [
                305.29534912109375,
                -680.4578857421875,
                1615.0887451171875
            ],
            "orientation": [
                0.8271830081939697,
                -0.31566858291625977,
                -0.31309419870376587,
                0.3436473608016968
            ]
        },
        {
            "position": [
                468.89251708984375,
                -459.68408203125,
                1701.8250732421875
            ],
            "orientation": [
                0.797212541103363,
                -0.33958330750465393,
                -0.28698059916496277,
                0.4083840548992157
            ]
        },
        {
            "position": [
                590.2326049804688,
                -255.0733642578125,
                1745.4072265625
            ],
            "orientation": [
                0.04632996395230293,
                0.8912928700447083,
                0.4144505262374878,
                0.1779925376176834
            ]
        },
        {
            "position": [
                656.984130859375,
                -184.49655151367188,
                1770.7947998046875
            ],
            "orientation": [
                0.0816120132803917,
                0.7881948351860046,
                0.5872998237609863,
                0.16482500731945038
            ]
        },
        {
            "position": [
                685.8077392578125,
                -77.15401458740234,
                1789.268798828125
            ],
            "orientation": [
                0.0816120132803917,
                0.7881948351860046,
                0.5872998237609863,
                0.16482500731945038
            ]
        },
        {
            "position": [
                653.0161743164062,
                -149.9474639892578,
                1802.726806640625
            ],
            "orientation": [
                0.5274798274040222,
                -0.6096029281616211,
                -0.5777619481086731,
                -0.12782979011535645
            ]
        },
        {
            "position": [
                92.34730529785156,
                -718.9567260742188,
                1642.7005615234375
            ],
            "orientation": [
                0.6395513415336609,
                0.7629536986351013,
                -0.07019646465778351,
                -0.06283415108919144
            ]
        },
        {
            "position": [
                -42.346492767333984,
                -693.247314453125,
                1643.5357666015625
            ],
            "orientation": [
                0.3857623338699341,
                0.8364338874816895,
                -0.2319076657295227,
                -0.31270527839660645
            ]
        },
        {
            "position": [
                -246.9456024169922,
                -508.5125427246094,
                1744.58984375
            ],
            "orientation": [
                0.41105109453201294,
                0.8135808706283569,
                -0.3024715185165405,
                -0.27862903475761414
            ]
        },
        {
            "position": [
                -409.0125427246094,
                -331.8792724609375,
                1794.724853515625
            ],
            "orientation": [
                0.8879648447036743,
                0.14980414509773254,
                0.0980510413646698,
                -0.4236309826374054
            ]
        },
        {
            "position": [
                -481.9962463378906,
                -256.4430847167969,
                1820.616455078125
            ],
            "orientation": [
                0.756340503692627,
                0.12105413526296616,
                0.13191355764865875,
                -0.6292008757591248
            ]
        },
        {
            "position": [
                -501.200927734375,
                -154.5732421875,
                1859.5859375
            ],
            "orientation": [
                0.756340503692627,
                0.12105413526296616,
                0.13191355764865875,
                -0.6292008757591248
            ]
        },
        {
            "position": [
                -446.96221923828125,
                -227.63967895507812,
                1853.4107666015625
            ],
            "orientation": [
                0.4003956615924835,
                0.7067408561706543,
                0.028498126193881035,
                -0.5825705528259277
            ]
        },
        {
            "position": [
                196.89369201660156,
                -193.1736297607422,
                1698.9578857421875
            ],
            "orientation": [
                0.5765605568885803,
                -0.44795551896095276,
                0.5395826697349548,
                -0.41924259066581726
            ]
        },
        {
            "position": [
                169.27099609375,
                210.4261932373047,
                1801.8975830078125
            ],
            "orientation": [
                0.6108934283256531,
                -0.39932534098625183,
                0.5764843821525574,
                -0.3674428164958954
            ]
        },
        {
            "position": [
                143.21905517578125,
                573.2003784179688,
                1965.8148193359375
            ],
            "orientation": [
                0.5893992781639099,
                -0.42870232462882996,
                0.5278627276420593,
                -0.43610063195228577
            ]
        },
        {
            "position": [
                145.58084106445312,
                726.4786987304688,
                1844.7427978515625
            ],
            "orientation": [
                0.7293011546134949,
                0.06853193044662476,
                0.6725088357925415,
                0.1056177094578743
            ]
        },
        {
            "position": [
                18.5611629486084,
                -207.11099243164062,
                1725.3416748046875
            ],
            "orientation": [
                0.3352286219596863,
                0.6111261248588562,
                0.5580018162727356,
                0.4503117501735687
            ]
        },
        {
            "position": [
                6.7632551193237305,
                203.17579650878906,
                1798.84716796875
            ],
            "orientation": [
                0.27387186884880066,
                0.6785719394683838,
                0.47370782494544983,
                0.49003589153289795
            ]
        },
        {
            "position": [
                35.358238220214844,
                570.5553588867188,
                1962.3504638671875
            ],
            "orientation": [
                0.3557988107204437,
                0.6228150129318237,
                0.46696004271507263,
                0.517162561416626
            ]
        },
        {
            "position": [
                7.127868175506592,
                717.3206176757812,
                1862.5316162109375
            ],
            "orientation": [
                -0.11225444823503494,
                0.774634599685669,
                -0.106387197971344,
                0.6132062673568726
            ]
        },
        {
            "position": [
                130.15113830566406,
                -837.4298706054688,
                1614.2564697265625
            ],
            "orientation": [
                0.5086727142333984,
                -0.4835124611854553,
                0.5857796669006348,
                -0.40537646412849426
            ]
        },
        {
            "position": [
                99.65191650390625,
                -857.7557373046875,
                1450.761474609375
            ],
            "orientation": [
                0.5086727142333984,
                -0.4835124611854553,
                0.5857796669006348,
                -0.40537646412849426
            ]
        },
        {
            "position": [
                131.0557403564453,
                -899.1656494140625,
                1477.3182373046875
            ],
            "orientation": [
                0.6463303565979004,
                0.07231386005878448,
                0.7561036944389343,
                0.07304152101278305
            ]
        },
        {
            "position": [
                211.22457885742188,
                -903.3563232421875,
                1582.3363037109375
            ],
            "orientation": [
                0.40537649393081665,
                0.58577960729599,
                0.4835124611854553,
                0.5086727738380432
            ]
        },
        {
            "position": [
                77.0970230102539,
                -894.3109741210938,
                1483.4007568359375
            ],
            "orientation": [
                0.6463303565979004,
                0.07231386005878448,
                0.7561036944389343,
                0.07304152101278305
            ]
        },
        {
            "position": [
                41.333900451660156,
                -902.5291748046875,
                1614.997802734375
            ],
            "orientation": [
                0.5086727142333984,
                -0.4835124611854553,
                0.5857796669006348,
                -0.40537646412849426
            ]
        }
    ],
    [
        {
            "position": [
                -76.66622161865234,
                -196.87313842773438,
                1589.5338134765625
            ],
            "orientation": [
                0.5777309536933899,
                0.4488609731197357,
                -0.33598843216896057,
                -0.5931800007820129
            ]
        },
        {
            "position": [
                -64.81573486328125,
                -377.01904296875,
                1560.677978515625
            ],
            "orientation": [
                0.5699287056922913,
                0.4532140791416168,
                -0.3300931751728058,
                -0.6006803512573242
            ]
        },
        {
            "position": [
                -55.98379898071289,
                -520.8255004882812,
                1536.0855712890625
            ],
            "orientation": [
                0.5682610869407654,
                0.4295269250869751,
                -0.27689695358276367,
                -0.6449139714241028
            ]
        },
        {
            "position": [
                -53.16213607788086,
                -736.625,
                1482.0267333984375
            ],
            "orientation": [
                0.618148684501648,
                0.4059382379055023,
                -0.31045034527778625,
                -0.5972661375999451
            ]
        },
        {
            "position": [
                -84.15985107421875,
                -705.5693359375,
                1506.474609375
            ],
            "orientation": [
                -0.1728973090648651,
                0.22387458384037018,
                0.6512136459350586,
                0.7042070627212524
            ]
        },
        {
            "position": [
                -207.21170043945312,
                -698.5274658203125,
                1585.654296875
            ],
            "orientation": [
                -0.04208069667220116,
                0.47835493087768555,
                0.7627451419830322,
                0.43315765261650085
            ]
        },
        {
            "position": [
                -359.7980041503906,
                -502.19989013671875,
                1721.189208984375
            ],
            "orientation": [
                -0.04041070491075516,
                0.47541120648384094,
                0.76458340883255,
                0.4333166480064392
            ]
        },
        {
            "position": [
                -489.26513671875,
                -337.7315368652344,
                1833.804443359375
            ],
            "orientation": [
                0.4361913800239563,
                0.16727520525455475,
                0.4454532265663147,
                0.7637588381767273
            ]
        },
        {
            "position": [
                -545.7675170898438,
                -256.9316101074219,
                1829.752685546875
            ],
            "orientation": [
                0.3469693064689636,
                0.21660476922988892,
                0.42366480827331543,
                0.8082095980644226
            ]
        },
        {
            "position": [
                -619.447509765625,
                -174.5044708251953,
                1835.9677734375
            ],
            "orientation": [
                0.3469693064689636,
                0.21660476922988892,
                0.42366480827331543,
                0.8082095980644226
            ]
        },
        {
            "position": [
                -537.0106201171875,
                -214.27896118164062,
                1875.8092041015625
            ],
            "orientation": [
                0.03409659117460251,
                0.4429124593734741,
                0.7750580310821533,
                0.44938960671424866
            ]
        },
        {
            "position": [
                -24.260372161865234,
                -695.9406127929688,
                1473.68115234375
            ],
            "orientation": [
                -0.026977432891726494,
                -0.2590043246746063,
                0.747541606426239,
                -0.6110404133796692
            ]
        },
        {
            "position": [
                92.23136901855469,
                -648.1965942382812,
                1425.5875244140625
            ],
            "orientation": [
                -0.27127620577812195,
                0.44963937997817993,
                -0.5300484895706177,
                0.6657944321632385
            ]
        },
        {
            "position": [
                221.63572692871094,
                -406.42510986328125,
                1335.8040771484375
            ],
            "orientation": [
                -0.2661941349506378,
                0.45366597175598145,
                -0.5266062617301941,
                0.6678425669670105
            ]
        },
        {
            "position": [
                329.14263916015625,
                -205.8416290283203,
                1257.4354248046875
            ],
            "orientation": [
                0.04278413578867912,
                -0.5414854884147644,
                0.8299771547317505,
                -0.12688925862312317
            ]
        },
        {
            "position": [
                377.80859375,
                -111.39244079589844,
                1257.518798828125
            ],
            "orientation": [
                0.018553180620074272,
                -0.6857812404632568,
                0.7153829336166382,
                -0.13261651992797852
            ]
        },
        {
            "position": [
                384.1997985839844,
                -4.061631679534912,
                1240.6104736328125
            ],
            "orientation": [
                0.018553180620074272,
                -0.6857812404632568,
                0.7153829336166382,
                -0.13261651992797852
            ]
        },
        {
            "position": [
                335.92852783203125,
                -79.61307525634766,
                1232.4417724609375
            ],
            "orientation": [
                -0.23978251218795776,
                0.557725191116333,
                -0.3625255823135376,
                0.7071224451065063
            ]
        },
        {
            "position": [
                -162.70083618164062,
                -208.0897216796875,
                1624.2259521484375
            ],
            "orientation": [
                0.5436952710151672,
                0.4403596520423889,
                -0.31966632604599,
                -0.6389774084091187
            ]
        },
        {
            "position": [
                -154.10284423828125,
                192.46534729003906,
                1712.4957275390625
            ],
            "orientation": [
                0.5907423496246338,
                0.4147026538848877,
                -0.35229694843292236,
                -0.5957617163658142
            ]
        },
        {
            "position": [
                -170.53466796875,
                583.0064697265625,
                1743.036376953125
            ],
            "orientation": [
                0.565654993057251,
                0.4319213330745697,
                -0.3441982865333557,
                -0.6123772859573364
            ]
        },
        {
            "position": [
                -111.66082000732422,
                678.9375610351562,
                1898.5615234375
            ],
            "orientation": [
                0.8297637104988098,
                0.06364994496107101,
                -0.5532971024513245,
                -0.03609951213002205
            ]
        },
        {
            "position": [
                0.9149834513664246,
                -186.75865173339844,
                1558.25048828125
            ],
            "orientation": [
                0.6291717290878296,
                -0.27090170979499817,
                -0.39551031589508057,
                0.6118224859237671
            ]
        },
        {
            "position": [
                -24.292856216430664,
                216.5690460205078,
                1626.3616943359375
            ],
            "orientation": [
                0.6074492335319519,
                -0.2844353914260864,
                -0.38592052459716797,
                0.633377730846405
            ]
        },
        {
            "position": [
                -63.99384307861328,
                608.424560546875,
                1669.3673095703125
            ],
            "orientation": [
                0.6435217261314392,
                -0.26207438111305237,
                -0.4027998447418213,
                0.5957760810852051
            ]
        },
        {
            "position": [
                11.528470039367676,
                690.1240844726562,
                1806.5562744140625
            ],
            "orientation": [
                0.036749523133039474,
                -0.46457812190055847,
                -0.10159344971179962,
                0.8789171576499939
            ]
        },
        {
            "position": [
                -45.31108093261719,
                -819.5364990234375,
                1473.563720703125
            ],
            "orientation": [
                0.5386977791786194,
                0.40237903594970703,
                -0.19541065394878387,
                -0.7139400839805603
            ]
        },
        {
            "position": [
                49.142372131347656,
                -921.1278686523438,
                1562.3011474609375
            ],
            "orientation": [
                0.5386977791786194,
                0.40237903594970703,
                -0.19541065394878387,
                -0.7139400839805603
            ]
        },
        {
            "position": [
                2.210360050201416,
                -943.521484375,
                1538.09375
            ],
            "orientation": [
                0.8857487440109253,
                0.1463487446308136,
                -0.4227011799812317,
                -0.12391508370637894
            ]
        },
        {
            "position": [
                -113.64227294921875,
                -897.5232543945312,
                1501.4901123046875
            ],
            "orientation": [
                0.7139401435852051,
                -0.19541068375110626,
                -0.40237903594970703,
                0.5386977791786194
            ]
        },
        {
            "position": [
                46.54642105102539,
                -931.7291259765625,
                1510.4171142578125
            ],
            "orientation": [
                0.8857487440109253,
                0.1463487446308136,
                -0.4227011799812317,
                -0.12391508370637894
            ]
        },
        {
            "position": [
                17.04353141784668,
                -865.018798828125,
                1397.6910400390625
            ],
            "orientation": [
                0.5386977791786194,
                0.40237903594970703,
                -0.19541065394878387,
                -0.7139400839805603
            ]
        }
    ],
    [
        {
            "position": [
                34.032806396484375,
                -175.15072631835938,
                1654.7208251953125
            ],
            "orientation": [
                0.3317485451698303,
                0.6013124585151672,
                -0.5996098518371582,
                -0.41089460253715515
            ]
        },
        {
            "position": [
                24.80306053161621,
                -358.04705810546875,
                1634.5499267578125
            ],
            "orientation": [
                0.298077791929245,
                0.6470209360122681,
                -0.5499750375747681,
                -0.43593695759773254
            ]
        },
        {
            "position": [
                27.01137351989746,
                -501.1474609375,
                1599.7474365234375
            ],
            "orientation": [
                0.2842382490634918,
                0.6624377369880676,
                -0.5800646543502808,
                -0.3793545663356781
            ]
        },
        {
            "position": [
                36.343894958496094,
                -721.6359252929688,
                1560.202392578125
            ],
            "orientation": [
                -0.3137444853782654,
                -0.6137869358062744,
                0.631319522857666,
                0.35533881187438965
            ]
        },
        {
            "position": [
                6.44449520111084,
                -683.1127319335938,
                1546.635498046875
            ],
            "orientation": [
                0.29792320728302,
                -0.09576396644115448,
                0.6194162368774414,
                0.7199962735176086
            ]
        },
        {
            "position": [
                -112.26664733886719,
                -637.2943115234375,
                1471.7933349609375
            ],
            "orientation": [
                0.49004656076431274,
                0.27909055352211,
                0.6203567981719971,
                0.545087456703186
            ]
        },
        {
            "position": [
                -216.1216583251953,
                -386.0201416015625,
                1385.11083984375
            ],
            "orientation": [
                0.49374374747276306,
                0.27486342191696167,
                0.6222412586212158,
                0.5417407155036926
            ]
        },
        {
            "position": [
                -302.66741943359375,
                -175.9578094482422,
                1309.2686767578125
            ],
            "orientation": [
                0.557938814163208,
                0.2766827940940857,
                0.584225058555603,
                0.5204152464866638
            ]
        },
        {
            "position": [
                -322.5885314941406,
                -82.6402587890625,
                1281.281005859375
            ],
            "orientation": [
                0.5789763927459717,
                0.2522936761379242,
                0.5951639413833618,
                0.49690449237823486
            ]
        },
        {
            "position": [
                -345.1588439941406,
                15.076011657714844,
                1232.3572998046875
            ],
            "orientation": [
                0.5789763927459717,
                0.2522936761379242,
                0.5951639413833618,
                0.49690449237823486
            ]
        },
        {
            "position": [
                -274.11749267578125,
                -46.75174331665039,
                1236.947021484375
            ],
            "orientation": [
                0.3097195029258728,
                0.6131018996238708,
                0.7258739471435547,
                -0.035872932523489
            ]
        },
        {
            "position": [
                64.2625503540039,
                -686.9205932617188,
                1585.005859375
            ],
            "orientation": [
                -0.28595170378685,
                -0.14207527041435242,
                -0.6686393618583679,
                0.6715412735939026
            ]
        },
        {
            "position": [
                172.37884521484375,
                -660.5652465820312,
                1662.8536376953125
            ],
            "orientation": [
                -0.475246787071228,
                -0.06827506422996521,
                -0.47055962681770325,
                0.7403057813644409
            ]
        },
        {
            "position": [
                329.09332275390625,
                -474.6447448730469,
                1822.2998046875
            ],
            "orientation": [
                -0.47185254096984863,
                -0.06612001359462738,
                -0.4708673357963562,
                0.7424737215042114
            ]
        },
        {
            "position": [
                461.51702880859375,
                -319.7994384765625,
                1953.8935546875
            ],
            "orientation": [
                0.15624094009399414,
                -0.37646567821502686,
                0.9129014015197754,
                -0.021757854148745537
            ]
        },
        {
            "position": [
                536.0400390625,
                -251.3777618408203,
                1988.945068359375
            ],
            "orientation": [
                0.14051343500614166,
                -0.6545276045799255,
                0.7393977046012878,
                -0.07169802486896515
            ]
        },
        {
            "position": [
                547.4139404296875,
                -143.00564575195312,
                2001.4415283203125
            ],
            "orientation": [
                0.14051343500614166,
                -0.6545276045799255,
                0.7393977046012878,
                -0.07169802486896515
            ]
        },
        {
            "position": [
                503.325927734375,
                -208.72438049316406,
                2036.516845703125
            ],
            "orientation": [
                0.42070910334587097,
                -0.20798340439796448,
                0.6561840772628784,
                -0.5909053683280945
            ]
        },
        {
            "position": [
                -49.95890808105469,
                -166.31985473632812,
                1613.0806884765625
            ],
            "orientation": [
                0.2820685803890228,
                0.6327959895133972,
                -0.6001046299934387,
                -0.3998511731624603
            ]
        },
        {
            "position": [
                -33.41672134399414,
                240.92254638671875,
                1682.3314208984375
            ],
            "orientation": [
                0.29224544763565063,
                0.6170852184295654,
                -0.6162413954734802,
                -0.39248567819595337
            ]
        },
        {
            "position": [
                -6.709136009216309,
                632.0536499023438,
                1731.40576171875
            ],
            "orientation": [
                0.28088679909706116,
                0.6225727796554565,
                -0.6206891536712646,
                -0.38503336906433105
            ]
        },
        {
            "position": [
                -84.82334899902344,
                736.5697021484375,
                1874.2418212890625
            ],
            "orientation": [
                -0.4656534492969513,
                -0.0037966067902743816,
                0.8817606568336487,
                0.07517095655202866
            ]
        },
        {
            "position": [
                109.7718276977539,
                -183.11392211914062,
                1692.2694091796875
            ],
            "orientation": [
                -0.410963773727417,
                0.563167929649353,
                0.6470721364021301,
                -0.3086233139038086
            ]
        },
        {
            "position": [
                98.24927520751953,
                222.62796020507812,
                1768.35302734375
            ],
            "orientation": [
                -0.3966423571109772,
                0.5915627479553223,
                0.6212393045425415,
                -0.3267875909805298
            ]
        },
        {
            "position": [
                104.05573272705078,
                619.5857543945312,
                1810.7496337890625
            ],
            "orientation": [
                -0.37281355261802673,
                0.6121826171875,
                0.6301621198654175,
                -0.29856017231941223
            ]
        },
        {
            "position": [
                29.12697982788086,
                715.0110473632812,
                1940.9876708984375
            ],
            "orientation": [
                -0.05437943711876869,
                0.8756096959114075,
                0.0165806133300066,
                -0.4796619713306427
            ]
        },
        {
            "position": [
                32.154747009277344,
                -805.82080078125,
                1556.8231201171875
            ],
            "orientation": [
                0.2566416263580322,
                0.726291298866272,
                -0.5042858123779297,
                -0.3902971148490906
            ]
        },
        {
            "position": [
                -37.168174743652344,
                -912.0402221679688,
                1663.8192138671875
            ],
            "orientation": [
                0.2566416263580322,
                0.726291298866272,
                -0.5042858123779297,
                -0.3902971148490906
            ]
        },
        {
            "position": [
                -31.687557220458984,
                -929.6361694335938,
                1609.0345458984375
            ],
            "orientation": [
                -0.45745474100112915,
                -0.15698157250881195,
                0.8701494336128235,
                0.09450870752334595
            ]
        },
        {
            "position": [
                -26.139997482299805,
                -870.3634643554688,
                1492.43798828125
            ],
            "orientation": [
                -0.3902971148490906,
                0.5042858123779297,
                0.726291298866272,
                -0.2566416263580322
            ]
        },
        {
            "position": [
                9.845540046691895,
                -927.1814575195312,
                1643.4461669921875
            ],
            "orientation": [
                -0.45745474100112915,
                -0.15698157250881195,
                0.8701494336128235,
                0.09450870752334595
            ]
        },
        {
            "position": [
                117.07415008544922,
                -867.5099487304688,
                1586.452392578125
            ],
            "orientation": [
                0.2566416263580322,
                0.726291298866272,
                -0.5042858123779297,
                -0.3902971148490906
            ]
        }
    ],
    [
        {
            "position": [
                174.3837432861328,
                -201.38291931152344,
                1749.5062255859375
            ],
            "orientation": [
                0.6724036931991577,
                -0.2685953974723816,
                0.3893109858036041,
                -0.569356381893158
            ]
        },
        {
            "position": [
                181.8228759765625,
                -381.8338928222656,
                1711.52880859375
            ],
            "orientation": [
                0.6581533551216125,
                -0.27811774611473083,
                0.3825664222240448,
                -0.5857709646224976
            ]
        },
        {
            "position": [
                184.9220733642578,
                -526.9942016601562,
                1685.3089599609375
            ],
            "orientation": [
                0.6573209762573242,
                -0.24357813596725464,
                0.321848601102829,
                -0.6364057064056396
            ]
        },
        {
            "position": [
                180.3980712890625,
                -750.1746215820312,
                1660.6217041015625
            ],
            "orientation": [
                0.7062394022941589,
                -0.2169836312532425,
                0.3403454124927521,
                -0.5816433429718018
            ]
        },
        {
            "position": [
                205.96185302734375,
                -716.7955932617188,
                1688.9632568359375
            ],
            "orientation": [
                0.68962162733078,
                -0.5833929777145386,
                -0.3462216854095459,
                -0.25338736176490784
            ]
        },
        {
            "position": [
                299.3992004394531,
                -708.7386474609375,
                1803.2991943359375
            ],
            "orientation": [
                0.5630139112472534,
                -0.41078492999076843,
                -0.6682549118995667,
                0.26020458340644836
            ]
        },
        {
            "position": [
                291.239990234375,
                -468.03521728515625,
                1957.294189453125
            ],
            "orientation": [
                -0.37887588143348694,
                0.6732437014579773,
                0.4025566279888153,
                -0.4910643398761749
            ]
        },
        {
            "position": [
                337.6922912597656,
                -248.70547485351562,
                1871.8375244140625
            ],
            "orientation": [
                -0.1142488420009613,
                0.7236011624336243,
                0.5045465230941772,
                -0.45692601799964905
            ]
        },
        {
            "position": [
                346.35968017578125,
                -170.9954376220703,
                1810.124755859375
            ],
            "orientation": [
                -0.23444943130016327,
                0.5587081909179688,
                0.6826499700546265,
                -0.40849441289901733
            ]
        },
        {
            "position": [
                316.65380859375,
                -64.32029724121094,
                1794.8822021484375
            ],
            "orientation": [
                -0.23444943130016327,
                0.5587081909179688,
                0.6826499700546265,
                -0.40849441289901733
            ]
        },
        {
            "position": [
                334.8148498535156,
                -130.1534881591797,
                1793.5172119140625
            ],
            "orientation": [
                0.6168606877326965,
                -0.5255762338638306,
                -0.15058252215385437,
                0.5661956667900085
            ]
        },
        {
            "position": [
                154.936767578125,
                -709.9564208984375,
                1642.1015625
            ],
            "orientation": [
                0.5256491303443909,
                0.7086211442947388,
                -0.4109225869178772,
                0.22954687476158142
            ]
        },
        {
            "position": [
                79.17438507080078,
                -663.5584716796875,
                1539.0728759765625
            ],
            "orientation": [
                0.24459004402160645,
                0.8192596435546875,
                -0.5149673223495483,
                0.06162862107157707
            ]
        },
        {
            "position": [
                -55.400386810302734,
                -426.56744384765625,
                1436.2847900390625
            ],
            "orientation": [
                0.24095073342323303,
                0.7905963659286499,
                -0.5579740405082703,
                0.07459966838359833
            ]
        },
        {
            "position": [
                -144.37478637695312,
                -220.94105529785156,
                1342.294189453125
            ],
            "orientation": [
                0.8755260705947876,
                0.2438751459121704,
                -0.18266811966896057,
                -0.3749818205833435
            ]
        },
        {
            "position": [
                -215.41976928710938,
                -144.02276611328125,
                1319.0665283203125
            ],
            "orientation": [
                0.7197347283363342,
                0.2879217565059662,
                -0.09971855580806732,
                -0.6238102912902832
            ]
        },
        {
            "position": [
                -237.59536743164062,
                -39.054901123046875,
                1342.7628173828125
            ],
            "orientation": [
                0.7197347283363342,
                0.2879217565059662,
                -0.09971855580806732,
                -0.6238102912902832
            ]
        },
        {
            "position": [
                -173.1262664794922,
                -86.7545394897461,
                1292.681884765625
            ],
            "orientation": [
                0.4908246099948883,
                0.7181698679924011,
                -0.4582737982273102,
                -0.18250593543052673
            ]
        },
        {
            "position": [
                252.6164093017578,
                -209.12734985351562,
                1801.6285400390625
            ],
            "orientation": [
                0.7011892199516296,
                -0.23742304742336273,
                0.3361557424068451,
                -0.5822055339813232
            ]
        },
        {
            "position": [
                212.82994079589844,
                195.1043701171875,
                1882.3675537109375
            ],
            "orientation": [
                0.7403796911239624,
                -0.21326009929180145,
                0.35195988416671753,
                -0.5314906239509583
            ]
        },
        {
            "position": [
                138.7063751220703,
                566.002685546875,
                1998.9161376953125
            ],
            "orientation": [
                0.7416421175003052,
                -0.09547311812639236,
                0.22706982493400574,
                -0.6239320635795593
            ]
        },
        {
            "position": [
                261.19171142578125,
                710.7442016601562,
                1958.8677978515625
            ],
            "orientation": [
                0.9671463966369629,
                0.09279433637857437,
                0.22291141748428345,
                0.0795460045337677
            ]
        },
        {
            "position": [
                103.83792877197266,
                -194.39942932128906,
                1702.5052490234375
            ],
            "orientation": [
                0.5464400053024292,
                0.45476606488227844,
                0.37036141753196716,
                0.5978491902351379
            ]
        },
        {
            "position": [
                108.31304168701172,
                215.24594116210938,
                1760.008544921875
            ],
            "orientation": [
                0.46807652711868286,
                0.49727073311805725,
                0.31099018454551697,
                0.6609926223754883
            ]
        },
        {
            "position": [
                81.415771484375,
                586.428466796875,
                1906.4886474609375
            ],
            "orientation": [
                0.5668988227844238,
                0.32776886224746704,
                0.12361389398574829,
                0.7455957531929016
            ]
        },
        {
            "position": [
                175.13674926757812,
                731.96435546875,
                1863.7425537109375
            ],
            "orientation": [
                -0.12343668937683105,
                0.32519692182540894,
                -0.14229491353034973,
                0.926694393157959
            ]
        },
        {
            "position": [
                188.14793395996094,
                -832.0789184570312,
                1641.32861328125
            ],
            "orientation": [
                0.6523191928863525,
                -0.19743624329566956,
                0.21540047228336334,
                -0.6993577480316162
            ]
        },
        {
            "position": [
                311.62518310546875,
                -893.8204345703125,
                1548.7396240234375
            ],
            "orientation": [
                0.6523191928863525,
                -0.19743624329566956,
                0.21540047228336334,
                -0.6993577480316162
            ]
        },
        {
            "position": [
                291.715576171875,
                -927.0763549804688,
                1591.753662109375
            ],
            "orientation": [
                0.9557799100875854,
                0.012702623382210732,
                0.29191964864730835,
                -0.033261314034461975
            ]
        },
        {
            "position": [
                233.65243530273438,
                -905.0947875976562,
                1707.2672119140625
            ],
            "orientation": [
                0.6993577480316162,
                0.21540050208568573,
                0.19743627309799194,
                0.6523191928863525
            ]
        },
        {
            "position": [
                264.9501953125,
                -919.7862548828125,
                1545.3238525390625
            ],
            "orientation": [
                0.9557799100875854,
                0.012702623382210732,
                0.29191964864730835,
                -0.033261314034461975
            ]
        },
        {
            "position": [
                134.15342712402344,
                -892.4273681640625,
                1567.99072265625
            ],
            "orientation": [
                0.6523191928863525,
                -0.19743624329566956,
                0.21540047228336334,
                -0.6993577480316162
            ]
        }
    ]
]